{"cameraMode":{"drawMode":0,"name":"Shaded","section":"Shading Mode"},"sceneLighting":true,"audioPlay":false,"sceneViewState":{"showFog":true,"showMaterialUpdate":false,"showSkybox":true,"showFlares":true,"showImageEffects":true,"showParticleSystems":true},"in2DMode":false,"pivot":{"x":7.941649436950684,"y":1.9468090534210206,"z":-1.72184419631958},"rotation":{"x":0.11748936772346497,"y":-0.5970040559768677,"z":0.08894499391317368,"w":0.7885887622833252},"size":5.547782897949219,"orthographic":false}