{"cameraMode":{"drawMode":0,"name":"Shaded","section":"Shading Mode"},"sceneLighting":false,"audioPlay":false,"sceneViewState":{"showFog":true,"showMaterialUpdate":false,"showSkybox":false,"showFlares":true,"showImageEffects":true,"showParticleSystems":true},"in2DMode":false,"pivot":{"x":0.04139552265405655,"y":1.7695064544677735,"z":-0.5467997789382935},"rotation":{"x":-0.10305780172348023,"y":-0.7592788338661194,"z":0.1240776926279068,"w":-0.630483090877533},"size":4.33197021484375,"orthographic":false}