{"cameraMode":{"drawMode":0,"name":"Shaded","section":"Shading Mode"},"sceneLighting":false,"audioPlay":false,"sceneViewState":{"showFog":true,"showMaterialUpdate":false,"showSkybox":false,"showFlares":true,"showImageEffects":true,"showParticleSystems":true},"in2DMode":false,"pivot":{"x":-0.006856214255094528,"y":0.01410510390996933,"z":0.0018954402767121792},"rotation":{"x":0.007065121550112963,"y":0.9929459691047669,"z":0.08420587331056595,"w":-0.08330774307250977},"size":0.05707961320877075,"orthographic":false}