{"cameraMode":{"drawMode":0,"name":"Shaded","section":"Shading Mode"},"sceneLighting":true,"audioPlay":false,"sceneViewState":{"showFog":true,"showMaterialUpdate":false,"showSkybox":true,"showFlares":true,"showImageEffects":true,"showParticleSystems":true},"in2DMode":false,"pivot":{"x":6.1669392585754398,"y":0.2899453639984131,"z":-4.83518123626709},"rotation":{"x":0.07825323939323425,"y":0.41984260082244875,"z":-0.03636868670582771,"w":0.9034939408302307},"size":9.904391288757325,"orthographic":false}