{"cameraMode":{"drawMode":0,"name":"Shaded","section":"Shading Mode"},"sceneLighting":true,"audioPlay":false,"sceneViewState":{"showFog":true,"showMaterialUpdate":false,"showSkybox":true,"showFlares":true,"showImageEffects":true,"showParticleSystems":true},"in2DMode":false,"pivot":{"x":-1.4090895652770997,"y":0.6863747835159302,"z":-2.351314067840576},"rotation":{"x":0.008321542292833329,"y":0.982982337474823,"z":-0.04604681581258774,"w":0.17765548825263978},"size":2.2393078804016115,"orthographic":false}