{"cameraMode":{"drawMode":0,"name":"Shaded","section":"Shading Mode"},"sceneLighting":false,"audioPlay":false,"sceneViewState":{"showFog":true,"showMaterialUpdate":false,"showSkybox":false,"showFlares":true,"showImageEffects":true,"showParticleSystems":true},"in2DMode":false,"pivot":{"x":-0.11199769377708435,"y":2.1763272285461427,"z":-0.11417907476425171},"rotation":{"x":-0.013577633537352085,"y":0.717498242855072,"z":0.013993741944432259,"w":0.6962910890579224},"size":25.778255462646486,"orthographic":false}