{"cameraMode":{"drawMode":0,"name":"Shaded","section":"Shading Mode"},"sceneLighting":false,"audioPlay":false,"sceneViewState":{"showFog":true,"showMaterialUpdate":false,"showSkybox":false,"showFlares":true,"showImageEffects":true,"showParticleSystems":true},"in2DMode":false,"pivot":{"x":0.0,"y":0.05789700895547867,"z":0.09796476364135742},"rotation":{"x":-0.013577633537352085,"y":0.717498242855072,"z":0.013993741944432259,"w":0.6962910890579224},"size":0.5974154472351074,"orthographic":false}